respondent_number,IV1_lay,IV2_ben,IV3_her,sus_brand,bata_sus1,bata_sus2,bata_sus3,bata_social_res1,bata_social_res2,bata_social_res3,lux_brand,bata_lux_img1,bata_lux_img2,bata_lux_img3,bata_brand_authen1,bata_brand_authen2,bata_brand_authen3,Advert_credibility,advert_trust1,advert_trust2,advert_trust3,sus_sho,shoes_sus1,shoes_sus2,shoes_sus3,shoes_health1,shoes_health2,shoes_health3,q_shoe,shoe_qual1,shoe_qual2,shoe_qual3,shoe_looks1,shoe_looks2,shoe_looks3,Shoe_fas,price_expectation,buying_intention,BI_rec,buying_intention_DEFINITELY,buying_intention_PROBABLY,buying_intention_MIGHT,buying_intention_PROBABLY_NOT,buying_intention_DEFINITELY_NOT,WTP,WTP_relative,Valid,shoe_purchases_typical_budget,graph_design_sus1,graph_design_sus2,graph_design_sus3,advert_pers_vs_envir_ben1,advert_pers_vs_envir_ben2,advert_pers_vs_envir_ben3,advert_health,bata_heritage1,bata_heritage2,bata_heritage3,gender,age,shoe_purchases_per_year,price_how_important,brand_how_important,sustain_how_important,authen_how_important,quality_how_important,foot_health_how_important,looks_how_important,anything_else_important,Important_when_buying_shoes,Bata_brand_famillarity,filter_$
1,1,2,2,4.33,1,6,6,4,4,5,2.00,2,2,2,5,7,5,3.00,2,5,2,5.00,5,7,3,1,1,1,4.00,4,4,4,4,4,4,4.00,60,4,2,,,,they\'re not value for money,,40.00,0.44,1,90.00,6,4,4,1,6,4,2,4,5,3,1,22,2,2,3,1,4,5,4,5,1,my personal shoe soles have to fit in the shoe,2,1
2,1,2,2,5.33,6,5,5,6,4,6,2.33,2,2,3,5,2,5,5.00,5,5,5,4.67,5,5,4,3,2,2,4.00,4,4,4,3,3,2,2.67,40,5,1,,,,,I don\'t truly believe in it,20.00,0.40,1,50.00,2,2,2,3,4,2,1,3,3,4,1,23,2,5,2,2,4,4,3,5,2,,2,1
3,1,2,2,6.00,6,6,6,5,6,6,3.33,3,3,4,5,5,5,4.33,5,5,3,5.33,6,5,5,6,6,6,5.67,6,5,6,3,3,3,3.00,80,4,2,,,,i\'m not attracted to the ad.,,50.00,0.67,1,75.00,5,5,5,5,6,6,6,4,4,4,2,20,8,4,2,1,4,4,2,4,2,,2,1
4,1,2,2,6.00,6,6,6,4,6,6,4.00,4,4,4,4,3,4,4.33,4,4,5,5.33,5,6,5,4,4,4,4.33,5,4,4,5,5,1,3.67,80,4,2,,,,The design does not suite me,,20.00,0.25,1,80.00,5,5,3,5,7,5,5,7,5,4,1,21,2,1,3,3,3,4,4,5,2,,2,1
5,1,2,2,2.00,2,2,2,2,2,2,3.67,2,2,7,2,7,1,1.00,1,1,1,2.00,2,2,2,2,2,#NULL!,2.00,2,2,2,2,2,2,2.00,5,5,1,,,,,,5.00,#NULL!,1,0.00,1,1,1,1,1,1,1,1,1,1,2,#NULL!,0,2,2,2,4,5,4,4,2,,2,1
6,1,2,2,7.00,7,7,7,7,7,7,2.67,4,2,2,4,4,4,3.67,3,4,4,7.00,7,7,7,4,1,4,1.67,1,1,3,3,4,2,3.00,80,4,2,,,,I don\'t care for these sustainable reasons,,40.00,0.50,1,80.00,7,7,6,2,7,1,1,6,6,6,1,20,1,4,4,1,3,4,4,5,2,,1,1
7,1,2,2,6.00,6,7,5,6,5,6,4.33,4,5,4,3,3,4,3.33,3,4,3,5.33,6,7,3,4,3,4,3.33,3,3,4,3,3,2,2.67,80,3,3,,,"they are environment friendly, but they also have to look good and have good quality",,,60.00,1.03,1,58.00,6,6,3,2,5,3,1,4,3,1,2,21,6,2,2,3,4,4,3,5,2,,2,1
8,1,2,2,6.67,7,6,7,6,4,4,1.67,2,1,2,6,5,2,2.33,2,2,3,6.00,7,6,5,2,1,2,4.33,5,4,4,2,1,2,1.67,80,4,2,,,,I do not know how they look like. I imagine they look not that good and fit my personal style.,,60.00,0.86,1,70.00,5,6,5,2,6,1,2,1,1,1,1,24,2,5,4,2,4,4,2,5,2,,2,1
9,1,2,2,5.00,4,5,6,4,5,5,2.67,3,3,2,3,4,4,4.67,4,5,5,2.67,3,4,1,2,2,2,2.50,#NULL!,2,3,4,4,3,3.67,80,3,3,,,if they look good I will buy them because of their way of production.,,,90.00,1.50,1,60.00,5,5,6,5,6,4,2,4,4,3,1,20,3,4,4,2,3,4,3,5,2,,2,1
11,1,2,2,6.00,6,6,6,7,6,6,4.67,4,5,5,3,3,4,3.33,3,4,3,2.67,3,2,3,1,1,1,2.33,2,2,3,2,1,1,1.33,70,4,2,,,,i don\'t like the design,,80.00,1.33,1,60.00,5,5,2,1,5,2,1,1,5,5,2,21,6,3,2,2,4,4,2,5,2,,2,1
12,1,2,2,3.33,3,3,4,4,3,#NULL!,5.33,6,5,5,4,3,5,5.33,6,5,5,4.00,5,4,3,3,3,4,2.33,2,2,3,4,4,2,3.33,100,4,2,,,,Personal style,,55.00,0.69,1,80.00,5,5,5,3,5,3,2,2,2,5,1,21,2,4,3,4,3,4,2,5,2,,2,1
13,1,2,2,6.00,6,6,6,6,5,7,5.00,4,5,6,5,4,5,4.33,4,5,4,5.33,6,6,4,4,4,4,3.33,3,3,4,4,3,1,2.67,110,5,1,,,,,i do not find them cool,70.00,0.88,1,80.00,4,3,2,2,5,3,1,2,1,1,1,23,3,2,4,2,5,5,4,5,2,,2,1
14,1,2,2,6.33,6,7,6,5,4,4,3.67,3,3,5,5,4,6,6.33,7,6,6,6.33,7,6,6,4,4,4,4.00,4,4,4,4,4,4,4.00,70,4,2,,,,I like longlasting shoes.,,30.00,0.33,1,90.00,5,6,5,3,7,6,2,4,2,1,1,21,2,3,4,2,4,5,4,5,2,,2,1
15,1,2,2,5.33,5,5,6,5,5,7,4.00,5,3,4,5,3,6,3.67,4,5,2,5.00,4,6,5,4,4,4,4.00,4,4,4,3,2,2,2.33,50,4,2,,,,they dont have special designs,,40.00,0.40,1,100.00,6,6,6,2,5,1,3,1,3,2,1,21,4,3,4,4,4,3,1,5,2,,2,1
16,1,2,2,6.00,6,6,6,6,3,5,4.67,4,5,5,4,4,4,3.00,3,3,3,3.33,5,3,2,4,2,4,4.00,4,4,4,4,4,4,4.00,90,3,3,,,when i would like the shoe (the way it looks and fits) i would buy them.,,,80.00,1.07,1,75.00,2,3,3,2,3,3,2,2,3,3,2,20,5,4,3,3,3,4,4,4,1,quality vs price,2,1
18,1,2,2,4.00,4,4,4,4,4,4,4.00,4,4,4,4,4,4,4.00,4,4,4,4.00,4,4,4,4,4,4,4.00,4,4,4,4,4,4,4.00,100,5,1,,,,,i dont give a fuck,10.00,0.13,1,80.00,1,4,1,1,1,1,1,4,1,1,1,21,3,3,3,3,2,3,3,2,2,,2,1
19,1,2,2,4.00,4,4,4,4,4,4,3.00,2,2,5,2,4,4,3.33,3,3,4,4.00,4,4,4,4,3,3,3.00,3,3,3,3,3,2,2.67,70,5,1,,,,,I don\'t expect them to be in regular stores.,70.00,0.88,1,80.00,5,5,4,2,5,3,1,4,1,2,1,21,2,3,3,3,3,4,3,5,1,They feel right.,2,1
20,1,2,2,4.00,3,5,#NULL!,5,6,5,4.67,6,4,4,#NULL!,4,4,1.33,1,1,2,3.00,4,4,1,2,1,1,1.33,1,1,2,1,5,5,3.67,60,4,2,,,,"they are lame, just cruizing on the trend of sustainability",,40.00,0.80,1,50.00,5,7,4,1,7,4,1,1,4,7,2,21,3,4,#NULL!,3,3,4,4,5,2,,2,1
21,1,2,2,5.00,5,5,5,#NULL!,6,6,3.67,3,3,5,4,4,3,3.00,3,3,3,4.00,6,3,3,4,4,4,4.00,4,4,4,4,4,4,4.00,80,4,2,,,,"The brands tries to represent themselves as a sustainable brand, while they have factories worldwide which means a lot of transportation is needed. The material and the look of the shoes isn\'t specif",,40.00,0.80,1,50.00,6,6,5,5,6,5,4,4,4,5,1,21,6,4,4,3,3,4,4,5,2,,2,1
22,1,2,2,4.00,3,4,5,6,6,7,2.33,2,3,2,2,5,5,2.33,2,3,2,4.67,5,4,5,4,3,4,3.67,3,3,5,4,3,2,3.00,60,4,2,,,,the brand does not really appeal to me,,80.00,0.53,1,150.00,3,5,2,2,6,1,2,1,5,4,1,31,4,3,5,2,5,5,4,5,1,tradition,1,1
23,1,1,2,6.00,6,6,6,6,5,6,4.00,4,4,#NULL!,4,3,5,4.00,3,4,5,4.67,6,4,4,3,3,4,3.67,4,3,4,3,4,4,3.67,75,3,3,,,"There are no pictures in the ad, so I\'m not sure I would buy the shoes. A sustainable image for me is not enough to judge a shoe.",,,75.00,0.63,1,120.00,6,6,6,4,6,3,3,3,2,2,2,23,8,3,4,2,4,5,4,5,2,,1,1
24,1,1,2,4.67,5,5,4,4,4,4,3.33,3,4,3,5,3,5,4.67,4,5,5,3.33,5,3,2,4,3,3,4.33,5,4,4,4,4,4,4.00,80,4,2,,,,"i dont know them, i dont know where to buy them and i have no idea how to answer this enquete only by seeing this advertisement.",,50.00,0.56,1,90.00,6,6,7,3,5,4,3,4,1,1,1,24,1,3,4,3,4,5,5,5,1,comfortable,2,1
25,1,1,2,4.00,3,5,#NULL!,4,4,4,1.67,1,1,3,2,5,2,1.00,1,1,1,3.33,4,3,3,2,4,4,4.00,4,4,4,4,1,1,2.00,50,5,1,,,,,I don;t like the design,50.00,1.25,1,40.00,1,1,1,4,3,4,3,2,1,1,1,21,1,5,4,3,1,4,1,4,1,that i will not buy formal shoes,2,1
27,1,1,2,6.00,6,6,6,2,2,2,2.33,4,1,2,3,4,2,2.00,2,2,2,3.33,6,2,2,2,2,2,2.33,3,2,2,2,4,2,2.67,30,4,2,,,,I don\'t know the brand and I would like to fit them first before buying,,5.00,0.03,1,150.00,3,3,1,2,4,2,2,4,2,2,2,21,3,4,2,2,3,4,5,4,2,,2,1
28,1,1,2,4.67,4,5,5,5,4,3,3.00,3,2,4,5,3,3,4.00,4,5,3,4.33,5,3,5,4,5,5,4.33,5,5,3,3,2,2,2.33,80,4,2,,,,I don\'t like the way they look,,55.00,0.79,1,70.00,5,6,6,5,5,4,5,3,2,2,1,22,2,3,4,2,4,4,5,4,2,,2,1
29,1,1,2,4.33,5,3,5,7,7,7,4.33,4,5,4,2,7,3,3.33,4,3,3,3.50,5,2,#NULL!,6,6,5,3.33,4,3,3,2,2,1,1.67,89,4,2,,,,i don\'t like the design,,25.00,0.42,1,60.00,5,5,5,6,3,5,6,2,1,1,1,22,4,4,4,2,3,5,3,5,2,,2,1
30,1,1,2,6.00,6,6,6,5,6,5,4.00,4,3,5,6,2,6,2.00,2,2,2,3.33,5,3,2,6,6,6,6.00,6,6,6,2,2,1,1.67,120,3,3,,,"they are comfortable and durable. Maybe good for my weak ankles, when I decide to buy healthier shoes than the All Stars which have ruined my feet since childhood ;)",,,80.00,1.00,1,80.00,6,6,3,3,6,5,5,1,6,7,2,24,4,4,2,2,2,4,4,5,1,comfort,1,1
31,1,1,2,5.00,6,3,6,5,4,5,6.00,6,6,6,7,3,6,4.00,4,4,4,4.00,6,4,2,5,5,5,4.67,5,4,5,3,2,4,3.00,80,3,3,,,I like natural materials and shoes that are comfortable,,,60.00,0.75,1,80.00,6,5,6,6,4,5,5,2,1,2,2,27,5,3,2,3,4,5,4,5,1,comfort,2,1
32,1,1,2,6.00,6,6,6,6,4,4,4.67,3,5,6,6,2,6,5.00,5,5,5,6.33,7,7,5,6,4,4,6.00,7,6,5,2,4,2,2.67,120,3,3,,,of the natural materials.,,,80.00,1.33,1,60.00,6,5,6,6,7,3,5,2,2,5,2,23,2,4,2,1,4,5,4,5,2,,1,1
33,1,1,2,6.00,6,6,6,6,5,5,5.67,6,5,6,4,3,5,5.33,5,5,6,4.00,6,3,3,6,5,6,5.67,6,5,6,4,5,4,4.33,100,3,3,,,it is great when shoes have a good fit and a good look,,,80.00,3.20,1,25.00,6,6,3,5,5,5,5,4,5,4,2,23,7,4,3,3,3,5,4,5,1,value for money,2,1
34,1,1,2,5.67,5,6,6,5,6,6,4.00,4,4,4,5,3,5,6.00,6,6,6,4.33,5,4,4,5,5,5,4.00,4,4,4,4,4,4,4.00,60,3,3,,,"if it\'s a nice and comfortable shoe, and on top sustainable I might buy it, but I won\'t buy it just because it\'s sustainable. The looks and comfort are (initially) more important.",,,60.00,0.86,1,70.00,6,6,6,6,6,6,6,2,5,5,2,28,3,4,3,3,3,5,5,5,2,,1,1
35,1,1,2,5.00,5,5,#NULL!,#NULL!,5,5,4.67,6,4,4,4,4,3,3.33,4,2,4,2.00,2,2,2,5,5,5,4.00,4,4,4,5,4,3,4.00,55,4,2,,,,I feel they are \'pretend-sustainable\',,40.00,0.89,1,45.00,5,5,4,5,1,6,5,1,2,2,2,28,1,4,3,4,3,4,4,5,1,comfort,1,1
36,1,1,2,4.67,5,3,6,6,6,6,3.33,3,3,4,4,3,4,4.33,4,4,5,3.33,4,3,3,6,4,4,3.33,3,3,4,4,4,3,3.67,70,3,3,,,"alleen wanneer ze lekker zitten en mooi zijn, dat weet je nog niet ahv deze advertentie",,,60.00,1.00,1,60.00,3,5,4,5,3,4,5,4,2,2,2,23,2,5,1,2,3,4,3,5,1,hoe de schoen loopt/comfort,1,1
41,1,1,2,7.00,7,7,7,7,5,7,4.00,4,4,4,5,2,5,5.33,5,5,6,5.67,6,6,5,4,4,4,4.67,6,4,4,5,5,4,4.67,80,3,3,,,"if they look nice, if they are comfortable and if they are not too expensive.",,,60.00,1.50,1,40.00,7,6,7,4,6,4,2,4,2,2,2,24,3,4,2,3,3,4,3,4,2,,2,1
42,1,1,2,6.00,6,6,6,5,5,6,4.67,5,4,5,5,3,5,5.00,5,5,5,4.67,6,4,4,6,5,5,5.00,5,4,6,3,3,3,3.00,100,3,3,,,"they are sustainable, but they should be fashionable as well. I\'m not sure of that yet.",,,70.00,1.75,1,40.00,5,5,5,6,5,6,7,3,2,2,2,25,3,5,1,3,4,4,4,5,2,,2,1
43,1,1,2,5.00,5,5,5,4,5,5,4.00,4,4,4,4,2,3,3.33,3,3,4,4.33,5,4,4,6,6,6,4.00,4,4,4,3,4,3,3.33,40,3,3,,,it depends on the look of it and why it is sustainable,,,30.00,1.00,1,30.00,5,5,4,2,5,4,2,2,1,3,2,22,2,4,1,1,1,2,2,5,1,practicality,2,1
44,1,1,2,5.00,5,5,5,5,5,5,4.00,4,4,4,3,3,4,4.00,4,4,4,4.67,5,5,4,5,5,5,4.00,4,4,4,4,4,4,4.00,#NULL!,4,2,,,,Ik weet zo niet wat dat voor schoenen zijn.,,#NULL!,#NULL!,1,50.00,5,5,6,5,6,4,5,4,4,2,2,50,4,4,1,3,3,4,4,5,2,,2,1
45,1,1,2,5.00,5,5,5,4,5,5,3.33,4,3,3,5,2,#NULL!,5.67,5,6,6,5.67,6,6,5,5,5,5,3.67,3,3,5,5,5,3,4.33,90,4,2,,,,my feet are not easy,,90.00,1.00,1,90.00,5,5,5,6,6,6,6,1,2,3,1,51,2,3,1,2,3,3,5,4,2,,1,1
46,1,2,1,4.33,3,5,5,5,4,5,3.00,2,2,5,6,2,3,3.67,2,5,4,4.67,5,5,4,2,3,3,2.33,2,2,3,3,3,3,3.00,100,4,2,,,,its probably too expensive,,40.00,1.00,1,40.00,6,6,5,2,6,3,2,7,4,1,1,23,1,5,4,1,3,4,2,5,2,,2,1
48,1,2,1,6.33,7,6,6,4,4,4,4.33,4,4,5,5,3,5,4.67,5,5,4,4.33,5,4,4,4,3,3,4.33,5,4,4,3,3,3,3.00,100,4,2,,,,they are not my style and are too expensive,,80.00,1.33,1,60.00,6,6,4,4,5,5,4,5,4,4,2,24,4,4,4,2,4,4,4,4,2,,2,1
49,1,2,1,4.33,5,4,4,4,4,4,2.67,2,2,4,4,5,3,2.67,3,3,2,3.00,3,4,2,2,4,4,3.67,4,4,3,1,1,1,1.00,40,4,2,,,,"it sounds too ""treehuggery""",,40.00,0.80,1,50.00,5,5,3,4,5,4,2,3,4,1,2,22,1,5,5,2,4,4,3,5,2,,2,1
51,1,2,1,6.00,6,6,6,5,5,6,3.67,4,4,3,5,6,5,4.67,4,5,5,4.67,5,4,5,4,5,3,5.00,5,5,5,5,4,1,3.33,80,4,2,,,,I don\'t like this kind of fashion,,65.00,1.08,1,60.00,3,4,4,3,5,4,4,5,5,5,1,23,2,4,4,2,4,4,3,4,2,,2,1
52,1,2,1,4.00,4,3,5,7,5,7,6.00,5,6,7,4,7,2,1.33,1,2,1,4.33,6,4,3,3,1,3,6.00,6,5,7,1,1,1,1.00,70,5,1,,,,,they are expensive,30.00,1.50,1,20.00,6,5,6,4,6,2,1,6,1,1,2,21,3,5,2,2,2,4,4,5,2,,2,1
53,1,2,1,5.33,6,5,5,6,4,5,4.67,5,4,5,5,3,5,4.33,3,5,5,4.33,6,4,3,2,2,2,4.33,4,4,5,5,4,5,4.67,60,3,3,,,they might look nice,,,50.00,0.33,1,150.00,7,6,5,2,4,3,2,6,5,5,2,22,4,1,2,2,1,1,1,1,2,,2,1
54,1,2,1,7.00,7,7,7,5,5,5,1.67,3,1,1,3,6,6,5.67,5,6,6,6.00,7,7,4,2,1,3,6.00,6,6,6,2,2,4,2.67,80,3,3,,,"they are made of good materials, but if you don\'t want to harm the environment, you shouldn\'t buy shoes in the first place. So if they look good and are long lasting and the price/quality is good I",,,#NULL!,#NULL!,1,80.00,7,7,7,5,7,5,2,6,1,1,2,21,4,4,1,4,4,5,1,5,1,right size,2,1
55,1,2,1,3.00,3,3,3,4,4,4,2.67,5,1,2,3,4,5,3.00,1,4,4,3.33,5,4,1,1,1,1,1.00,1,1,1,1,1,1,1.00,20,5,1,,,,,,15.00,0.50,1,30.00,1,1,1,1,1,1,1,1,1,1,1,21,3,1,3,2,4,4,3,4,2,,1,1
56,1,2,1,4.00,4,4,4,4,4,4,4.00,4,4,4,4,4,4,4.00,4,4,4,4.00,4,4,4,4,4,4,4.00,4,4,4,4,4,4,4.00,2525,5,1,,,,,I\'m very very poor student,#NULL!,#NULL!,1,0.00,4,4,4,4,4,4,4,4,4,4,2,20,0,1,1,1,1,1,1,1,2,,2,1
57,1,2,1,6.00,6,5,7,4,6,4,4.00,3,3,6,2,5,5,4.00,4,4,4,3.67,5,4,2,3,4,4,3.67,4,3,4,3,3,1,2.33,100,4,2,,,,you can\'t see a shoe,,30.00,0.30,1,100.00,1,3,3,2,3,1,1,2,1,1,2,23,10,4,2,2,4,5,4,5,2,,2,1
58,1,2,1,3.00,4,1,4,4,1,1,2.33,3,3,1,5,1,4,4.00,4,4,4,2.67,6,1,1,1,1,1,4.00,4,4,4,1,1,1,1.00,70,5,1,,,,,they are crap and ugly!,50.00,0.25,1,200.00,7,5,4,5,4,4,4,6,2,4,1,23,3,3,5,3,5,5,5,5,1,how it will look after a few years.,2,1
59,1,2,1,5.00,3,6,6,4,4,4,4.00,4,#NULL!,#NULL!,#NULL!,#NULL!,#NULL!,#NULL!,#NULL!,#NULL!,#NULL!,#NULL!,#NULL!,#NULL!,#NULL!,#NULL!,#NULL!,#NULL!,#NULL!,#NULL!,#NULL!,#NULL!,#NULL!,#NULL!,#NULL!,#NULL!,#NULL!,#NULL!,#NULL!,,,,,,#NULL!,#NULL!,1,#NULL!,#NULL!,#NULL!,#NULL!,#NULL!,#NULL!,#NULL!,#NULL!,#NULL!,#NULL!,#NULL!,#NULL!,#NULL!,#NULL!,#NULL!,#NULL!,#NULL!,#NULL!,#NULL!,#NULL!,#NULL!,#NULL!,,#NULL!,1
61,1,2,1,5.67,5,6,6,7,4,5,4.00,4,4,4,5,4,4,2.67,3,3,2,3.33,5,3,2,3,3,3,4.33,5,4,4,4,3,1,2.67,80,4,2,,,,I am loyal to other brands.,,30.00,0.38,1,80.00,6,6,4,3,5,3,3,4,2,2,1,22,2,4,4,2,3,4,4,5,2,,2,1
62,1,2,1,5.00,5,4,6,5,6,6,3.67,3,4,4,6,1,6,6.33,6,7,6,5.33,7,5,4,5,2,5,4.33,3,5,5,5,2,4,3.67,60,3,3,,,I do not buy brandend shoes,,,65.00,1.30,1,50.00,#NULL!,#NULL!,#NULL!,#NULL!,#NULL!,#NULL!,#NULL!,#NULL!,#NULL!,#NULL!,1,24,3,5,1,4,2,4,4,5,2,,1,1
63,1,2,1,5.00,6,4,5,5,4,4,3.00,3,3,3,3,4,3,3.00,3,3,3,2.67,3,4,1,4,4,4,4.00,4,4,4,4,3,4,3.67,80,4,2,,,,do not trust the quality,,60.00,0.60,1,100.00,5,5,5,3,6,4,3,4,1,1,1,23,3,3,4,2,4,5,3,5,2,,2,1
64,1,2,1,4.33,6,2,5,5,4,5,3.00,3,3,3,5,5,4,3.00,1,4,4,4.00,4,4,4,4,4,4,4.00,4,4,4,4,4,4,4.00,100,3,3,,,it is interesting,,,#NULL!,#NULL!,1,40.00,4,4,4,4,4,3,4,7,4,1,1,21,3,5,2,2,3,5,3,5,2,,2,1
65,1,2,1,2.33,2,2,3,2,2,2,4.00,4,4,4,2,5,2,2.33,2,2,3,1.67,2,2,1,1,1,1,1.00,1,1,1,1,3,1,1.67,150,4,2,,,,I don\'t need them,,75.00,1.50,1,50.00,4,2,5,2,2,2,2,6,1,1,1,24,3,4,4,2,3,2,4,4,2,,2,1
66,1,2,1,4.00,3,5,4,4,1,3,2.00,1,1,4,4,1,5,3.67,3,5,3,4.67,6,5,3,1,1,1,3.00,3,3,3,3,1,1,1.67,80,4,2,,,,i want a nice looking shoe,,40.00,1.33,1,30.00,5,7,5,1,7,1,1,7,1,1,2,23,4,5,4,2,2,4,4,4,2,,1,1
67,1,2,1,5.67,5,6,6,3,3,3,3.33,4,3,3,4,#NULL!,6,5.00,5,5,5,6.00,6,6,6,2,2,2,3.67,5,3,3,3,3,2,2.67,50,4,2,,,,I can not really see the shoed in the advertisements,,50.00,1.25,1,40.00,6,6,6,1,7,1,1,7,1,1,1,24,3,5,1,4,4,4,4,4,1,labour conditions of the factory workers,1,1
68,1,2,1,4.33,5,4,4,3,3,3,3.00,3,3,3,3,4,4,4.67,5,5,4,4.67,5,5,4,4,3,2,4.00,4,3,5,5,4,2,3.67,50,4,2,,,,I don\'t know what they look like,,40.00,1.60,1,25.00,6,5,2,3,5,3,1,2,2,2,2,23,6,5,3,3,3,4,3,5,2,,2,1
69,1,2,1,5.67,5,6,6,6,4,5,4.00,4,4,4,6,2,5,5.00,5,5,5,5.00,#NULL!,5,5,4,4,6,5.67,6,5,6,5,4,4,4.33,180,4,2,,,,I have an other brand I use for a long time now.,,#NULL!,#NULL!,1,180.00,5,6,6,6,5,5,4,6,3,1,1,23,2,3,3,5,4,5,4,5,1,they need to be the right size which can be hard.,1,1
70,1,2,1,2.33,4,1,2,4,4,4,4.67,1,6,7,3,4,3,1.67,1,2,2,2.67,5,2,1,4,4,4,4.00,4,4,#NULL!,2,2,1,1.67,80,5,1,,,,,i don\'t know the name and I don\'t like the design in the picture,60.00,1.20,1,50.00,5,2,5,2,4,2,1,1,1,1,2,24,5,4,4,1,4,3,5,5,2,,2,1
71,1,2,1,5.33,5,6,5,4,4,6,4.00,3,4,5,5,3,4,5.00,5,5,5,4.33,5,4,4,3,2,3,3.33,3,3,4,5,3,4,4.00,60,3,3,,,they are not expensive and quite fashionable,,,60.00,1.00,1,60.00,6,5,6,3,6,4,2,6,4,5,1,24,2,4,3,2,4,4,4,5,1,durability,1,1
72,1,2,1,4.33,4,5,4,3,3,4,3.67,3,3,5,5,3,6,5.67,5,6,6,4.00,6,3,3,6,4,5,5.33,6,5,5,3,5,2,3.33,60,4,2,,,,"there are so many shoes to choose from, that the chance of me liking and picking this one shoe from bata are pretty small.",,40.00,1.00,1,40.00,5,5,3,4,6,3,2,6,4,5,0,24,2,4,2,3,3,4,5,4,1,"the store I buy them at. I don\'t like certain stores, and wont even go in there.",1,1
73,1,2,1,4.33,5,4,4,5,3,3,1.00,1,1,1,3,1,4,3.33,3,4,3,4.00,4,6,2,3,1,1,3.33,2,4,4,1,1,2,1.33,85,4,2,,,,it is not my style,,80.00,1.00,1,80.00,6,5,6,1,5,3,2,2,3,4,1,23,1,4,4,2,3,4,2,5,2,,1,1
75,1,1,1,4.67,4,5,5,5,5,5,6.00,5,6,7,6,1,5,4.33,4,3,6,4.33,5,4,4,4,5,5,5.33,6,4,6,5,6,6,5.67,30,3,3,,,it is cool,,,60.00,2.00,1,30.00,4,6,5,6,4,3,6,4,6,4,2,22,3,5,1,3,2,3,2,3,1,sale,1,1
76,1,1,1,7.00,7,7,7,4,4,4,5.33,6,5,5,5,2,5,6.00,6,6,6,5.00,6,6,3,4,4,4,3.67,4,3,4,4,3,3,3.33,120,4,2,,,,"I\'m only interested in regular brand sneakers, and I don\'t give a damn about sustainability",,60.00,1.20,1,50.00,7,7,3,3,5,3,3,5,5,5,1,24,2,5,5,1,3,4,2,5,2,,1,1
77,1,1,1,6.00,5,7,6,3,5,5,4.67,6,4,4,4,3,5,3.33,2,4,4,#NULL!,#NULL!,#NULL!,#NULL!,#NULL!,#NULL!,#NULL!,#NULL!,#NULL!,#NULL!,#NULL!,#NULL!,#NULL!,#NULL!,#NULL!,#NULL!,#NULL!,#NULL!,,,,,,#NULL!,#NULL!,1,#NULL!,#NULL!,#NULL!,#NULL!,#NULL!,#NULL!,#NULL!,#NULL!,#NULL!,#NULL!,#NULL!,#NULL!,#NULL!,#NULL!,#NULL!,#NULL!,#NULL!,#NULL!,#NULL!,#NULL!,#NULL!,#NULL!,,#NULL!,1
78,1,1,1,3.33,4,3,3,5,5,5,5.00,4,5,6,2,6,2,2.67,2,2,4,3.00,5,2,2,6,6,6,4.33,5,3,5,5,4,2,3.67,110,4,2,,,,there advertisment is pretencious and made in a 5 min paint shop pro session,,35.00,0.44,1,80.00,3,4,1,5,4,5,5,5,5,2,1,21,3,5,4,2,4,5,4,3,1,"the location of the purchase(store), and originality",2,1
79,1,1,1,6.00,6,6,6,4,5,5,4.67,4,5,5,5,3,5,5.00,5,5,5,#NULL!,#NULL!,#NULL!,#NULL!,#NULL!,#NULL!,#NULL!,#NULL!,#NULL!,#NULL!,#NULL!,#NULL!,#NULL!,#NULL!,#NULL!,#NULL!,#NULL!,#NULL!,,,,,,#NULL!,#NULL!,1,#NULL!,#NULL!,#NULL!,#NULL!,#NULL!,#NULL!,#NULL!,#NULL!,#NULL!,#NULL!,#NULL!,#NULL!,#NULL!,#NULL!,#NULL!,#NULL!,#NULL!,#NULL!,#NULL!,#NULL!,#NULL!,#NULL!,,#NULL!,1
80,1,1,1,1.00,1,1,1,1,7,6,2.33,4,1,2,1,7,4,2.00,1,3,2,1.00,1,1,1,5,4,2,1.33,1,1,2,2,2,1,1.67,100,5,1,,,,,i don\'t trust the advertisement,20.00,0.50,1,40.00,6,6,7,2,7,2,6,7,2,1,2,21,5,5,1,1,1,4,1,5,2,,2,1
81,1,1,1,5.33,5,5,6,5,3,3,3.33,5,3,2,#NULL!,5,5,#NULL!,4,#NULL!,4,5.00,5,5,5,5,3,3,4.00,4,4,4,4,5,4,4.33,40,3,3,,,I\'ve had shoes made of natural materials in the past,,,30.00,0.75,1,40.00,6,6,5,2,6,3,3,6,5,2,2,21,3,5,2,3,3,5,4,5,2,,2,1
82,1,1,1,5.33,6,5,5,4,4,4,3.00,3,3,3,3,1,4,2.00,1,4,1,2.67,3,3,2,4,2,1,1.67,2,2,1,3,2,1,2.00,50,5,1,,,,,"I know the brand, I\'ve seen it in Bangladesh and it was not sustainable at all.",30.00,0.75,1,40.00,5,6,2,5,4,5,5,1,1,1,2,22,4,5,2,4,4,5,4,5,2,,1,1
83,1,1,1,3.67,3,4,4,5,4,5,2.67,3,3,2,4,3,4,2.67,2,3,3,3.33,3,3,4,4,3,4,3.67,3,4,4,4,4,4,4.00,60,3,3,,,I think the information that is provided through the advertisement is incomplete. What is 100% natural? How does it protect my feet?,,,70.00,1.00,1,70.00,3,2,4,6,5,5,4,7,2,1,1,22,2,4,4,3,4,5,2,5,1,color,2,1
84,1,1,1,4.33,4,5,4,4,5,5,3.33,4,3,3,4,4,4,3.67,3,4,4,3.67,5,3,3,5,4,4,4.67,5,4,5,3,3,3,3.00,120,3,3,,,,,,80.00,1.14,1,70.00,5,4,4,4,5,4,5,5,4,4,2,21,3,4,3,3,4,5,4,5,2,,2,1
85,1,1,1,5.67,6,5,6,6,7,7,5.67,6,5,6,7,1,6,5.00,5,5,5,3.67,5,3,3,6,6,4,4.33,4,4,5,4,4,3,3.67,100,4,2,,,,too expensive,,20.00,1.00,1,20.00,6,6,6,7,3,7,7,7,1,1,1,23,2,5,1,1,1,4,4,4,2,,2,1
86,1,1,1,5.67,6,6,5,5,5,5,4.00,4,4,4,3,3,5,5.00,5,5,5,4.33,5,5,3,4,4,4,3.67,4,3,4,2,3,2,2.33,150,5,1,,,,,not my style,120.00,1.20,1,100.00,6,6,5,3,5,4,3,5,2,2,1,22,2,2,4,3,5,4,3,5,2,,2,1
87,1,1,1,4.67,5,4,5,5,5,5,3.00,3,3,3,4,7,3,2.33,3,3,1,3.67,4,4,3,5,6,6,3.67,4,3,4,4,4,1,3.00,30,4,2,,,,I don\'t trust the brand.,,50.00,#NULL!,1,#NULL!,#NULL!,#NULL!,#NULL!,#NULL!,#NULL!,#NULL!,#NULL!,#NULL!,#NULL!,#NULL!,#NULL!,#NULL!,#NULL!,#NULL!,#NULL!,#NULL!,#NULL!,#NULL!,#NULL!,#NULL!,#NULL!,,#NULL!,1
89,1,1,1,5.67,6,5,6,4,6,6,4.33,5,3,5,3,5,4,3.67,3,4,4,5.00,5,5,5,6,#NULL!,#NULL!,4.00,#NULL!,4,4,2,1,2,1.67,70,5,1,,,,,they seem silly.,20.00,0.29,1,70.00,6,5,7,6,5,3,5,7,1,1,1,25,2,5,3,3,3,5,3,4,1,that they should fit nicely.,2,1
90,1,1,1,5.00,5,5,5,6,#NULL!,5,4.00,4,3,5,5,5,3,3.00,3,3,3,4.33,5,5,3,6,4,6,3.33,4,3,3,5,4,2,3.67,90,4,2,,,,they do not fit my style,,75.00,1.25,1,60.00,6,6,3,6,6,7,5,6,2,5,1,24,1,4,2,3,2,5,2,4,2,,2,1
91,1,1,1,5.67,5,6,6,4,4,4,4.67,5,4,5,5,2,4,5.00,5,5,5,3.00,3,3,3,4,3,3,4.33,4,5,4,3,3,2,2.67,100,5,1,,,,,"Reminds me of the geox shoes, where a technology push is more important then the design",#NULL!,#NULL!,1,90.00,6,6,5,4,6,3,3,6,4,4,1,24,7,4,3,2,4,4,3,4,2,,2,1
92,1,1,1,6.00,6,#NULL!,6,6,4,6,3.00,3,3,3,6,6,1,2.67,2,5,1,4.33,3,7,3,4,4,5,4.00,4,4,4,4,5,5,4.67,80,3,3,,,"I care about the environment. And these shoes, although I know nothing about the production, show that image.",,,65.00,1.18,1,55.00,5,7,7,5,7,5,3,6,5,5,1,24,3,5,3,5,4,5,4,5,2,,2,1
93,1,1,1,5.00,5,5,5,4,4,4,3.67,3,3,5,3,6,2,2.00,2,2,2,3.00,3,3,3,4,3,4,3.67,3,3,5,5,2,1,2.67,59,5,1,,,,,of the price and style.,29.00,0.29,1,100.00,3,3,1,3,2,5,5,5,5,2,1,31,2,4,3,1,3,4,4,4,2,,2,1
94,1,1,1,6.67,6,7,7,6,6,7,3.67,6,3,2,4,4,5,4.00,4,4,4,6.00,6,6,6,5,#NULL!,4,5.67,6,6,5,4,4,3,3.67,120,3,3,,,durable shoe,,,120.00,1.00,1,120.00,6,6,6,3,6,3,4,6,3,3,1,62,1,4,3,3,3,4,5,2,1,onderhoud,1,1
95,1,1,1,4.67,5,5,4,5,2,2,2.67,4,2,2,2,5,5,2.33,3,2,2,3.00,5,3,1,2,2,2,2.67,3,2,3,3,4,3,3.33,50,3,3,,,i am curious,,,60.00,0.60,1,100.00,5,6,6,5,4,5,3,5,2,2,2,44,3,2,2,4,4,5,4,4,1,comfort for the feet,1,1
96,1,1,1,4.33,5,4,4,4,6,4,4.33,3,4,6,3,4,4,3.67,4,4,3,4.00,5,3,4,4,3,4,3.67,3,4,4,6,5,3,4.67,90,4,2,,,,I only buy shoes when I need them.,,70.00,0.88,1,80.00,5,3,5,2,3,2,4,5,4,4,2,62,1,4,3,3,4,5,4,4,1,They must feel good on my feet.,1,1
97,1,1,1,5.00,5,4,6,4,5,5,3.67,4,3,4,5,3,5,5.00,5,5,5,3.67,5,3,3,3,4,4,3.67,4,4,3,2,2,2,2.00,50,3,3,,,,,,70.00,0.47,1,150.00,4,5,5,5,5,5,5,6,5,3,2,31,3,4,3,3,4,4,4,5,2,,1,1
98,1,1,1,5.33,5,5,6,5,5,6,4.33,5,4,4,6,2,6,6.00,6,6,6,6.00,6,6,6,5,4,4,4.00,4,4,4,5,5,4,4.67,60,3,3,,,,,,#NULL!,#NULL!,1,70.00,6,7,6,5,6,5,5,5,5,5,1,62,1,4,1,#NULL!,3,5,3,5,2,,1,1
99,1,1,1,4.00,4,4,#NULL!,5,4,4,3.00,4,3,2,4,4,4,4.00,4,4,4,4.00,4,4,4,5,4,4,4.00,4,4,4,4,4,4,4.00,80,4,2,,,,I have enough shoes,,50.00,0.29,1,175.00,5,5,6,6,4,6,6,4,2,2,2,51,5,2,2,3,4,4,4,4,1,comfort,1,1
101,1,1,1,4.00,5,3,4,5,4,5,4.33,6,3,4,4,4,4,5.00,5,5,5,4.33,5,4,4,4,4,4,4.00,4,4,4,5,4,4,4.33,70,3,3,,,I like wat I see,,,40.00,0.53,1,75.00,5,3,5,3,3,3,4,6,5,3,2,53,2,4,2,4,2,4,5,4,2,,1,1
102,1,1,1,5.00,5,5,5,5,5,5,3.67,5,3,3,4,2,4,3.00,3,3,3,3.00,3,3,3,3,3,3,3.00,3,3,3,3,4,3,3.33,50,3,3,,,i like them,,,50.00,1.00,1,50.00,3,3,3,3,3,3,3,3,3,3,2,48,6,5,3,3,3,5,5,3,2,,1,1
103,1,1,1,5.00,5,5,5,4,6,5,5.67,6,6,5,4,3,5,4.00,4,5,3,5.00,5,6,4,6,4,4,4.33,4,4,5,6,6,5,5.67,120,3,3,,,I sympathise with natural products,,,100.00,0.67,1,150.00,7,7,7,6,5,6,6,5,5,5,1,52,2,3,3,3,4,5,4,5,1,how they match my clothes,1,1
104,1,1,1,4.00,4,4,4,4,4,5,3.00,4,2,3,5,3,3,4.00,3,4,5,5.67,6,6,5,5,4,4,5.33,5,6,5,3,2,4,3.00,120,3,3,,,"sympathetic, but i do not know what they look like and how they fit",,,150.00,1.00,1,150.00,4,7,5,#NULL!,6,5,5,4,6,4,2,50,2,3,3,4,4,5,4,4,1,colour,1,1
105,1,1,1,7.00,7,7,7,7,7,7,4.00,4,4,4,7,1,6,4.33,5,4,4,#NULL!,#NULL!,#NULL!,#NULL!,#NULL!,#NULL!,#NULL!,#NULL!,#NULL!,#NULL!,#NULL!,#NULL!,#NULL!,#NULL!,#NULL!,#NULL!,#NULL!,#NULL!,,,,,,#NULL!,#NULL!,1,#NULL!,#NULL!,#NULL!,#NULL!,#NULL!,#NULL!,#NULL!,#NULL!,#NULL!,#NULL!,#NULL!,#NULL!,#NULL!,#NULL!,#NULL!,#NULL!,#NULL!,#NULL!,#NULL!,#NULL!,#NULL!,#NULL!,,#NULL!,1
106,1,1,1,6.67,6,7,7,7,5,6,3.67,6,3,2,6,2,4,6.00,6,6,6,6.00,5,6,7,5,6,5,4.33,4,5,4,4,4,4,4.00,#NULL!,3,3,,,I like to see myz=self if they\'re really that good!,,,#NULL!,#NULL!,1,#NULL!,#NULL!,#NULL!,#NULL!,#NULL!,#NULL!,#NULL!,#NULL!,#NULL!,#NULL!,#NULL!,#NULL!,#NULL!,#NULL!,#NULL!,#NULL!,#NULL!,#NULL!,#NULL!,#NULL!,#NULL!,#NULL!,,#NULL!,1
107,1,1,1,5.33,5,5,6,6,5,6,3.33,3,2,5,3,2,5,5.00,5,5,5,5.00,5,6,4,6,6,6,6.00,6,6,6,3,2,2,2.33,95,4,2,,,,not my taste,,90.00,1.00,1,90.00,5,4,3,3,5,4,5,3,3,2,2,44,4,4,2,3,2,4,3,4,1,quality of advice shoe-retailer,1,1
108,1,1,1,5.00,5,5,5,4,4,4,1.67,2,1,2,3,6,5,3.00,3,2,4,4.33,5,4,4,4,4,4,4.33,5,4,4,1,2,1,1.33,60,4,2,,,,I think it\'s not my style,,30.00,0.30,1,100.00,7,5,5,3,6,5,3,7,5,5,1,23,3,4,4,3,5,4,3,5,2,,2,1
109,1,1,1,4.33,5,4,4,4,5,5,3.00,3,3,3,6,2,5,5.67,6,5,6,5.00,5,5,5,6,5,5,5.00,5,5,5,5,5,5,5.00,80,2,4,,footh health,,,,100.00,1.25,1,80.00,6,6,6,5,5,5,6,3,4,4,2,60,1,4,4,4,4,4,4,4,1,verende zool,1,1
110,1,1,1,5.33,6,5,5,5,7,6,3.00,4,3,2,4,3,3,3.33,4,3,3,5.00,5,5,5,6,6,6,5.67,6,5,6,5,5,5,5.00,100,3,3,,,colours,,,100.00,0.67,1,150.00,4,5,6,#NULL!,5,5,6,5,5,5,1,58,3,1,3,3,#NULL!,1,1,1,1,design,1,1
111,1,1,1,4.67,4,4,6,4,4,4,3.00,4,1,4,2,7,2,3.33,2,4,4,4.00,5,4,3,4,4,4,4.00,4,4,4,4,3,3,3.33,150,3,3,,,I like shoes made from natural materials.,,,200.00,1.67,1,120.00,2,5,1,5,2,1,5,7,4,1,1,25,2,4,4,3,4,5,4,5,2,,2,1
112,1,1,1,4.33,4,4,5,4,5,5,3.00,4,2,3,6,3,5,4.00,6,4,2,4.33,4,4,5,5,5,3,3.00,3,3,3,5,3,2,3.33,#NULL!,3,3,,,I have Bata shoes for working whit steel noses,,,#NULL!,#NULL!,1,250.00,5,5,3,3,3,5,6,7,3,3,1,55,1,3,3,3,4,5,5,4,2,,2,1
113,2,2,2,4.33,5,2,6,4,3,5,5.33,5,5,6,5,4,3,2.00,2,2,2,3.33,5,3,2,4,4,3,4.00,3,4,5,6,3,3,4.00,120,4,2,,,,"the advertisement is too much \'feel good\'. There is so much important about a shoe, not just sustainability. Besides that, I am quite fed up with all this advertisement with \'sustainability\' that",,80.00,0.80,1,100.00,1,2,2,3,4,2,1,6,2,2,1,20,4,4,4,3,4,4,2,5,2,,1,1
114,2,2,2,5.00,5,6,4,2,4,6,4.67,4,5,5,5,3,4,2.00,1,3,2,3.33,6,1,3,1,1,1,1.00,1,1,1,3,4,3,3.33,70,3,3,,,i may like the design,,,70.00,1.75,1,40.00,2,1,4,2,2,2,1,1,4,5,2,19,3,4,2,3,4,4,5,5,2,,2,1
115,2,2,2,5.33,4,6,6,4,4,5,4.00,4,4,4,4,2,3,4.67,5,4,5,#NULL!,#NULL!,#NULL!,#NULL!,#NULL!,#NULL!,#NULL!,#NULL!,#NULL!,#NULL!,#NULL!,#NULL!,#NULL!,#NULL!,#NULL!,#NULL!,#NULL!,#NULL!,,,,,,#NULL!,#NULL!,1,#NULL!,#NULL!,#NULL!,#NULL!,#NULL!,#NULL!,#NULL!,#NULL!,#NULL!,#NULL!,#NULL!,#NULL!,#NULL!,#NULL!,#NULL!,#NULL!,#NULL!,#NULL!,#NULL!,#NULL!,#NULL!,#NULL!,,#NULL!,1
116,2,2,2,5.67,5,6,6,6,5,4,3.67,5,3,3,4,3,4,4.67,5,5,4,4.00,5,4,3,4,2,3,4.33,5,3,5,2,2,1,1.67,120,4,2,,,,I think they won\'t be pretty,,80.00,1.60,1,50.00,5,4,6,3,7,2,3,4,3,5,2,19,5,4,2,2,4,4,4,5,#NULL!,it matches my style and clothes,2,1
117,2,2,2,5.67,5,6,6,6,6,6,4.33,4,3,6,4,3,3,2.33,1,3,3,4.67,5,5,4,1,1,3,4.00,5,3,4,4,4,4,4.00,200,4,2,,,,i dont\'t know anything about them.,,70.00,0.88,1,80.00,1,2,1,3,2,5,1,4,2,5,1,21,3,4,4,2,3,5,3,5,1,material,2,1
118,2,2,2,4.67,5,4,5,4,4,5,3.67,4,4,3,5,4,4,2.67,3,3,2,5.00,6,5,4,3,2,4,4.00,4,4,4,#NULL!,4,4,#NULL!,70,4,2,,,,I have no idea what they might look like,,45.00,0.56,1,80.00,2,2,2,2,3,3,3,4,1,2,1,20,2,4,3,2,5,4,2,5,2,,2,1
119,2,2,2,4.67,5,4,5,4,4,4,4.00,4,4,4,4,4,4,3.00,3,3,3,3.67,5,4,2,2,3,3,4.33,5,4,4,1,1,1,1.00,50,5,1,,,,,the shoe in the ad looks very ugly and uncomfortable,#NULL!,#NULL!,1,30.00,2,4,1,1,5,2,2,1,1,1,2,19,2,5,2,3,3,4,3,5,1,"that they fit, which is often a problem",2,1
120,2,2,2,6.00,6,6,6,6,5,5,5.33,7,3,6,5,4,5,5.00,5,5,5,3.33,5,3,2,4,3,4,3.67,3,4,4,3,4,1,2.67,120,4,2,,,,I have never heard of this brand before and it sounds expensive.,,70.00,2.33,1,30.00,2,2,3,2,4,4,2,3,3,4,2,19,2,5,3,3,4,5,5,5,2,,2,1
121,2,2,2,7.00,7,7,7,7,6,6,5.33,6,6,4,6,2,5,4.67,4,5,5,#NULL!,#NULL!,#NULL!,#NULL!,#NULL!,#NULL!,#NULL!,#NULL!,#NULL!,#NULL!,#NULL!,#NULL!,#NULL!,#NULL!,#NULL!,#NULL!,3,3,,,,,,100.00,1.00,1,100.00,#NULL!,3,2,4,6,4,3,4,4,4,1,19,3,3,3,2,4,4,1,5,2,,2,1
122,2,2,2,5.33,6,5,5,6,5,5,2.00,2,2,2,6,1,5,5.00,4,5,6,4.67,4,5,5,3,3,3,4.33,5,4,4,7,7,5,6.33,40,4,2,,,,I like brands that alreay have a name....,,40.00,0.50,1,80.00,2,3,4,4,5,5,3,4,4,5,1,21,2,3,4,4,4,3,2,5,2,,2,1
123,2,2,2,5.00,5,5,5,5,2,2,4.33,3,5,5,4,3,4,#NULL!,5,#NULL!,5,5.00,5,5,5,5,5,5,4.67,4,5,5,3,2,2,2.33,90,4,2,,,,they are not my style,,60.00,0.67,1,90.00,5,5,5,5,4,4,4,3,2,3,1,21,2,4,2,2,4,5,3,5,2,,1,1
124,2,2,2,4.33,5,3,5,4,4,5,3.67,4,4,3,6,2,4,3.67,3,3,5,3.67,4,5,2,3,2,2,4.00,4,4,4,4,3,1,2.67,100,3,3,,,i have no idea what bata shoes is and their shoes MIGHT be nice and good priced.,,,60.00,0.86,1,70.00,6,5,1,#NULL!,6,2,1,4,4,5,1,19,2,5,2,2,4,3,3,5,2,,2,1
126,2,2,2,4.33,3,5,5,4,4,5,4.67,5,4,5,3,4,5,3.67,4,4,3,4.67,4,5,5,4,3,5,4.67,5,5,4,5,4,5,4.67,10,4,2,,,,I\'m not interested in shoebrands,,20.00,1.00,1,20.00,5,4,5,5,4,3,5,4,5,5,1,21,2,4,2,3,2,4,4,4,2,,2,1
128,2,2,2,5.67,6,6,5,4,4,4,3.33,3,2,5,4,3,4,4.33,4,5,4,4.67,4,5,5,4,4,4,4.00,4,4,4,4,4,4,4.00,100000,4,2,,,,,,2.00,0.06,1,34.00,4,4,4,4,4,4,4,4,4,4,1,21,0,3,3,3,3,3,3,3,2,,2,1
129,2,2,2,4.00,4,4,4,4,4,4,4.00,4,4,4,4,4,4,4.00,4,4,4,4.00,4,4,4,4,4,4,4.00,4,4,4,4,4,4,4.00,100,4,2,,,,not my style,,20.00,0.29,1,70.00,4,4,4,4,4,4,4,4,4,4,1,21,2,4,4,3,4,5,4,5,2,,2,1
131,2,2,2,3.50,4,#NULL!,3,6,3,5,4.00,5,2,5,3,6,5,4.67,5,3,6,3.67,5,1,5,4,5,2,4.00,5,2,5,5,5,4,4.67,60,2,4,,,,,,10.00,0.10,1,100.00,4,5,3,6,2,5,3,7,3,6,1,21,3,3,4,4,3,2,3,3,2,,2,1
132,2,2,2,3.33,3,4,3,3,3,3,1.67,2,2,1,2,6,3,2.33,2,3,2,4.00,4,5,3,4,3,3,3.00,3,3,3,5,4,1,3.33,50,4,2,,,,the company doesn\'t rely convey its beliefs,,5.00,0.08,1,60.00,1,2,2,2,1,3,2,2,1,1,1,21,3,2,3,3,3,4,4,5,2,,2,1
133,2,2,2,4.67,6,4,4,5,3,5,3.67,4,3,4,5,3,4,3.00,3,3,3,3.67,5,4,2,4,4,5,4.00,5,4,3,1,1,1,1.00,30,5,1,,,,,i don\'t like the look of them,30.00,0.60,1,50.00,1,1,1,#NULL!,1,1,1,4,5,1,2,20,4,4,2,2,4,4,3,5,1,how many other people have them. If they are too much in favour i don\'t by the shoes,2,1
135,2,2,2,3.33,2,2,6,6,6,6,2.67,4,2,2,4,2,6,4.67,4,5,5,1.67,2,1,2,5,2,1,2.00,1,1,4,1,1,1,1.00,40,5,1,,,,,"Bata is not a nice brand name, the advertisement has a cheap overall experience and i don\'t wear this kind of shoes.",40.00,0.67,1,60.00,1,1,1,1,5,4,2,1,2,5,1,20,5,3,4,3,2,4,3,5,1,who else wears these shoes,2,1
136,2,2,2,4.00,4,4,4,4,4,4,4.00,4,4,4,4,4,4,4.00,4,4,4,4.00,4,4,4,4,4,4,4.00,4,4,4,4,4,4,4.00,20,3,3,,,I don\'t know the brand so well,,,25.00,0.50,1,50.00,4,6,5,7,6,3,4,4,4,4,2,21,2,5,3,1,4,5,5,5,2,,2,1
137,2,2,2,6.00,6,6,6,6,6,6,5.00,5,5,5,5,3,5,5.33,5,5,6,5.33,6,5,5,4,4,4,5.00,5,5,5,5,5,4,4.67,120,3,3,,,it appeals,,,80.00,1.14,1,70.00,3,3,3,3,4,3,4,3,3,5,1,25,2,4,4,4,4,4,4,4,2,,2,1
138,2,2,2,6.67,6,7,7,7,7,7,2.00,2,2,2,3,5,5,5.00,5,5,5,7.00,7,7,7,2,2,2,4.00,4,4,4,2,2,2,2.00,50,4,2,,,,I do not know exactly how they will look,,30.00,1.00,1,30.00,2,2,2,5,5,5,1,1,1,1,2,25,10,5,1,2,3,4,4,5,2,,2,1
139,2,2,2,6.33,6,6,7,6,6,6,3.00,4,2,3,6,2,6,3.67,3,3,5,5.33,6,5,5,6,3,3,5.67,6,5,6,5,5,5,5.00,60,3,3,,,"sustainability is important, but not as important as for example the look and the fitting",,,60.00,1.00,1,60.00,3,3,3,1,6,3,2,4,5,5,2,25,3,4,4,3,4,5,5,4,2,,1,1
140,2,1,2,5.67,6,4,7,6,5,6,3.00,3,2,4,4,3,5,4.67,5,4,5,5.00,6,5,4,6,6,5,4.67,4,4,6,2,2,3,2.33,80,4,2,,,,I don\'t have the feeling that these shoes are goodlooking,,35.00,0.58,1,60.00,3,3,2,3,2,2,4,4,5,5,1,20,3,5,3,2,3,4,2,5,1,comfort,2,1
142,2,1,2,7.00,7,7,7,7,6,7,3.00,3,2,4,5,2,6,5.33,5,5,6,5.67,6,6,5,6,4,5,5.33,5,5,6,5,5,3,4.33,100,2,4,,the company sounds awesome,,,,90.00,1.13,1,80.00,2,2,2,2,6,3,3,1,5,3,1,20,2,4,3,4,4,3,3,5,2,,2,1
143,2,1,2,3.33,3,3,4,5,3,3,2.67,3,3,2,5,3,3,3.00,3,3,3,#NULL!,#NULL!,#NULL!,#NULL!,#NULL!,#NULL!,#NULL!,#NULL!,#NULL!,#NULL!,#NULL!,#NULL!,#NULL!,#NULL!,#NULL!,#NULL!,#NULL!,#NULL!,,,,,,#NULL!,#NULL!,1,#NULL!,#NULL!,#NULL!,#NULL!,#NULL!,#NULL!,#NULL!,#NULL!,#NULL!,#NULL!,#NULL!,#NULL!,#NULL!,#NULL!,#NULL!,#NULL!,#NULL!,#NULL!,#NULL!,#NULL!,#NULL!,#NULL!,,#NULL!,1
144,2,1,2,5.67,6,5,6,7,6,7,3.67,4,4,3,4,5,5,5.67,5,5,7,4.33,5,5,3,6,6,5,4.67,4,4,6,5,6,3,4.67,80,4,2,,,,the picture does not show what the shoes look like (photograph). It does not give enough information.,,60.00,1.00,1,60.00,3,1,1,1,2,2,2,3,3,3,1,19,2,4,3,1,3,3,2,5,2,,2,1
145,2,1,2,5.33,5,5,6,4,4,4,5.00,6,5,4,5,5,4,2.00,2,3,1,3.33,4,3,3,4,4,5,4.00,4,4,4,4,4,4,4.00,200,4,2,,,,I think they will be to expensive,,50.00,2.94,1,17.00,6,6,6,5,6,6,2,3,3,5,2,19,4,5,1,2,3,3,2,5,2,,2,1
146,2,1,2,7.00,7,7,7,7,7,7,2.67,3,3,2,6,2,4,3.67,3,4,4,3.00,6,2,1,3,5,5,4.00,4,4,4,2,5,2,3.00,60,4,2,,,,"they\'re probably not that fashionable, and i don\'t know the benefits compared to other shoes(how much more harm do they cost the world?)",,40.00,0.80,1,50.00,3,3,4,7,7,7,7,4,5,5,2,23,3,4,4,3,4,5,3,5,2,,2,1
147,2,1,2,4.33,3,5,5,3,3,5,4.00,3,4,5,3,6,5,2.00,2,2,2,#NULL!,#NULL!,#NULL!,#NULL!,#NULL!,#NULL!,#NULL!,#NULL!,#NULL!,#NULL!,#NULL!,#NULL!,#NULL!,#NULL!,#NULL!,#NULL!,#NULL!,#NULL!,,,,,,#NULL!,#NULL!,1,#NULL!,#NULL!,#NULL!,#NULL!,#NULL!,#NULL!,#NULL!,#NULL!,#NULL!,#NULL!,#NULL!,0,#NULL!,#NULL!,#NULL!,#NULL!,#NULL!,#NULL!,#NULL!,#NULL!,#NULL!,#NULL!,,0,1
148,2,1,2,4.00,4,3,5,4,4,5,3.33,2,4,4,4,3,3,4.67,4,5,5,3.33,3,4,3,4,6,7,5.00,#NULL!,7,3,5,7,5,5.67,45,3,3,,,,,,40.00,0.57,1,70.00,3,5,4,3,4,4,5,3,2,3,2,20,3,2,4,1,2,3,3,5,2,,2,1
149,2,1,2,4.00,5,4,3,5,6,5,4.00,4,5,3,5,2,4,4.33,4,4,5,#NULL!,#NULL!,#NULL!,#NULL!,#NULL!,#NULL!,#NULL!,#NULL!,#NULL!,#NULL!,#NULL!,#NULL!,#NULL!,#NULL!,#NULL!,#NULL!,#NULL!,#NULL!,,,,,,#NULL!,#NULL!,1,#NULL!,#NULL!,#NULL!,#NULL!,#NULL!,#NULL!,#NULL!,#NULL!,#NULL!,#NULL!,#NULL!,#NULL!,#NULL!,#NULL!,#NULL!,#NULL!,#NULL!,#NULL!,#NULL!,#NULL!,#NULL!,#NULL!,,#NULL!,1
150,2,1,2,2.00,2,2,2,1,1,1,2.00,1,3,2,2,5,2,4.33,4,5,4,4.00,3,7,2,4,4,5,4.67,5,4,5,4,4,4,4.00,50,4,2,,,,They ugly,,40.00,0.44,1,90.00,1,2,3,3,3,3,3,4,6,4,2,19,15,3,3,2,4,4,4,4,2,,1,1
151,2,1,2,3.33,4,3,3,4,4,4,4.00,2,5,5,5,2,3,3.00,3,3,3,2.33,3,3,1,3,2,3,3.00,3,3,3,4,3,2,3.00,45,5,1,,,,,I dont need new shoes,30.00,0.50,1,60.00,5,5,4,2,5,2,1,3,2,3,1,20,2,5,1,1,4,5,4,5,2,,2,1
152,2,1,2,7.00,7,7,7,5,7,3,4.33,5,3,5,6,2,4,3.67,2,4,5,4.33,4,4,5,2,3,2,3.33,4,3,3,2,2,2,2.00,40,3,3,,,they are good for the environment.,,,20.00,0.40,1,50.00,5,3,5,4,4,5,2,6,3,6,2,20,5,5,2,3,4,4,3,4,2,,2,1
153,2,1,2,6.33,5,7,7,4,6,4,5.00,3,6,6,5,1,5,5.00,5,5,5,5.67,7,6,4,6,3,5,5.67,5,6,6,4,5,6,5.00,80,5,1,,,,,Expensive,40.00,0.50,1,80.00,6,5,5,6,5,5,5,6,5,5,2,20,3,4,4,1,1,4,1,5,2,,2,1
154,2,1,2,5.33,6,4,6,6,5,6,3.00,3,2,4,4,3,5,4.00,4,4,4,#NULL!,#NULL!,#NULL!,#NULL!,#NULL!,#NULL!,#NULL!,#NULL!,#NULL!,#NULL!,#NULL!,#NULL!,#NULL!,#NULL!,#NULL!,#NULL!,#NULL!,#NULL!,,,,,,#NULL!,#NULL!,1,#NULL!,#NULL!,#NULL!,#NULL!,#NULL!,#NULL!,#NULL!,#NULL!,#NULL!,#NULL!,#NULL!,#NULL!,#NULL!,#NULL!,#NULL!,#NULL!,#NULL!,#NULL!,#NULL!,#NULL!,#NULL!,#NULL!,,#NULL!,1
155,2,1,2,6.00,6,6,6,4,4,4,5.33,6,4,6,5,3,4,3.33,3,3,4,4.67,6,4,4,4,4,4,4.33,4,4,5,4,4,4,4.00,80,4,2,,,,This add lacks information about quality and environmental impact. So it seems as if they fake it.,,65.00,0.76,1,85.00,3,3,1,5,5,1,3,1,6,5,2,19,4,4,2,3,4,5,3,4,1,good fit,2,1
156,2,1,2,3.00,2,2,5,2,6,5,5.33,4,6,6,6,4,4,4.67,5,4,5,2.00,2,2,2,2,2,3,4.33,4,4,5,3,2,2,2.33,90,4,2,,,,I dont know how they look like exactly,,80.00,#NULL!,1,#NULL!,#NULL!,#NULL!,#NULL!,#NULL!,#NULL!,#NULL!,#NULL!,#NULL!,#NULL!,#NULL!,0,#NULL!,#NULL!,#NULL!,#NULL!,#NULL!,#NULL!,#NULL!,#NULL!,#NULL!,#NULL!,,0,1
157,2,1,2,6.00,6,6,6,6,6,6,6.00,6,6,6,6,6,6,6.00,6,6,6,6.00,6,6,6,6,3,3,4.00,6,3,3,3,2,3,2.67,35,5,1,,,,,I don\'t like them,20.00,0.40,1,50.00,3,3,3,3,6,2,6,2,2,6,2,19,10,5,5,1,5,3,3,5,2,,2,1
158,2,1,2,5.33,5,6,5,4,5,6,3.67,4,2,5,4,7,6,5.00,4,6,5,5.00,6,5,4,6,5,5,5.00,4,6,#NULL!,#NULL!,2,6,#NULL!,90,1,5,seftg,,,,,#NULL!,#NULL!,1,#NULL!,#NULL!,#NULL!,#NULL!,#NULL!,#NULL!,#NULL!,#NULL!,#NULL!,#NULL!,#NULL!,#NULL!,#NULL!,#NULL!,#NULL!,#NULL!,#NULL!,#NULL!,#NULL!,#NULL!,#NULL!,#NULL!,,#NULL!,1
159,2,1,2,5.33,6,4,6,5,4,4,5.00,6,5,4,4,1,4,5.00,5,4,6,#NULL!,#NULL!,#NULL!,#NULL!,#NULL!,#NULL!,#NULL!,#NULL!,#NULL!,#NULL!,#NULL!,#NULL!,#NULL!,#NULL!,#NULL!,#NULL!,#NULL!,#NULL!,,,,,,#NULL!,#NULL!,1,#NULL!,#NULL!,#NULL!,#NULL!,#NULL!,#NULL!,#NULL!,#NULL!,#NULL!,#NULL!,#NULL!,#NULL!,#NULL!,#NULL!,#NULL!,#NULL!,#NULL!,#NULL!,#NULL!,#NULL!,#NULL!,#NULL!,,#NULL!,1
160,2,1,2,5.67,6,6,5,6,6,6,4.33,5,3,5,4,#NULL!,5,4.33,3,5,5,4.33,5,5,3,7,4,4,4.00,4,4,4,4,4,4,4.00,120,4,2,,,,I know next to nothing about them,,100.00,1.00,1,100.00,5,5,2,3,5,3,6,1,3,1,1,21,1,3,3,3,3,5,5,5,2,,2,1
161,2,1,2,4.67,5,3,6,5,5,6,4.67,4,5,5,5,2,3,3.00,3,3,3,2.33,4,2,1,4,4,3,3.67,3,4,4,5,4,4,4.33,60,3,3,,,"i like them, not because they are so \'\'eco-friendly\'\'. That\'s just a bonus.",,,60.00,1.00,1,60.00,2,3,1,3,2,4,5,4,4,4,1,20,2,4,2,3,5,4,4,4,1,originality,2,1
162,2,1,2,3.33,4,2,4,6,6,6,5.67,4,6,7,7,2,6,4.33,5,4,4,3.33,4,3,3,6,4,4,4.67,4,4,6,4,4,5,4.33,120,3,3,,,I\'m open for any shoe product,,,100.00,2.00,1,50.00,2,5,5,6,4,2,6,4,2,2,2,19,2,3,3,4,3,4,3,5,2,,2,1
163,2,1,2,6.33,7,5,7,4,5,5,3.67,3,3,5,4,4,2,2.33,1,3,3,3.33,4,3,3,4,3,3,4.00,4,4,4,4,4,4,4.00,100,3,3,,,they look good,,,70.00,1.17,1,60.00,3,2,3,2,5,1,3,1,1,1,1,20,2,5,2,4,4,4,3,4,2,,2,1
165,2,1,2,2.00,2,2,2,6,5,4,3.50,3,4,#NULL!,4,7,3,3.33,1,4,5,3.67,3,4,4,4,2,5,3.67,5,5,1,5,5,4,4.67,40,3,3,,,they look ok,,,30.00,6.00,1,5.00,3,4,6,4,4,4,3,7,7,7,1,21,34,2,3,3,3,3,2,1,2,,2,1
166,2,1,2,6.00,6,6,6,7,5,6,2.00,2,2,2,6,2,4,3.33,3,3,4,4.33,5,5,3,1,2,2,3.33,2,3,5,5,3,1,3.00,55,4,2,,,,I am not looking for a natural/earth focused kind of clothing style.,,40.00,1.14,1,35.00,1,1,2,3,2,5,4,3,1,1,1,19,3,4,2,1,1,4,2,5,2,,2,1
167,2,1,2,5.00,6,4,5,7,6,6,1.67,2,1,2,4,3,3,2.67,2,3,3,3.67,3,4,4,3,2,2,3.33,4,3,3,2,3,1,2.00,80,4,2,,,,Based on this ad I can not judge if they look good,,50.00,0.71,1,70.00,2,2,1,1,1,1,1,2,1,2,1,19,4,4,4,3,4,5,4,5,2,,2,1
168,2,1,2,3.67,4,3,4,4,4,4,5.00,5,5,5,4,2,2,2.33,3,2,2,3.00,5,2,2,4,2,4,4.33,5,4,4,5,4,3,4.00,40,4,2,,,,"it\'s just an advertisement talk, but when you see the pictures of the steps needed to create these shoe\'s (the trucks e.g.), these shoe\'s loose their credebility.",,25.00,#NULL!,1,#NULL!,1,1,1,5,3,6,5,4,1,1,#NULL!,#NULL!,#NULL!,#NULL!,#NULL!,#NULL!,#NULL!,#NULL!,#NULL!,#NULL!,#NULL!,,#NULL!,1
169,2,1,2,7.00,7,7,7,4,4,5,3.67,3,4,4,4,2,4,4.33,3,5,5,3.67,5,3,3,5,5,4,4.33,5,4,4,#NULL!,5,5,#NULL!,60,3,3,,,it\'s sustainable,,,50.00,1.00,1,50.00,5,5,3,3,5,4,3,3,4,4,2,19,4,5,4,3,3,#NULL!,3,5,2,,2,1
170,2,1,2,6.33,6,6,7,4,4,5,4.00,4,4,4,4,1,4,2.67,3,2,3,3.00,5,3,1,2,1,3,4.67,6,4,4,3,4,4,3.67,80,#NULL!,#NULL!,,,,,,40.00,0.80,1,50.00,1,1,1,4,4,5,5,1,4,1,1,19,4,3,4,3,5,5,3,5,2,,2,1
171,2,1,2,5.33,5,5,6,4,4,5,3.00,4,3,2,6,2,5,3.67,4,4,3,3.00,3,3,3,5,4,4,4.00,4,4,4,3,3,2,2.67,50,5,1,,,,,not my style,70.00,0.70,1,100.00,5,3,3,5,5,5,5,4,5,3,1,21,3,4,4,3,2,4,4,5,2,,1,1
172,2,2,1,6.00,6,6,6,6,2,3,2.50,3,2,#NULL!,1,2,2,4.67,5,4,5,5.00,7,6,2,1,1,1,1.00,1,1,1,1,1,1,1.00,125,3,3,,,"they are made of natural materials and production is in the Netherlands, meaning low transport impact.",,,80.00,1.78,1,45.00,1,1,4,1,6,1,1,7,2,2,1,20,1,5,2,4,1,5,4,4,1,"Feel of the shoes, comfort",2,1
173,2,2,1,4.67,4,5,5,5,5,5,2.00,2,2,2,4,1,4,4.67,5,4,5,#NULL!,#NULL!,#NULL!,#NULL!,#NULL!,#NULL!,#NULL!,#NULL!,#NULL!,#NULL!,#NULL!,#NULL!,#NULL!,#NULL!,#NULL!,#NULL!,#NULL!,#NULL!,,,,,,#NULL!,#NULL!,1,#NULL!,#NULL!,#NULL!,#NULL!,#NULL!,#NULL!,#NULL!,#NULL!,#NULL!,#NULL!,#NULL!,#NULL!,#NULL!,#NULL!,#NULL!,#NULL!,#NULL!,#NULL!,#NULL!,#NULL!,#NULL!,#NULL!,,#NULL!,1
174,2,2,1,3.67,5,3,3,5,5,6,4.00,3,4,5,6,3,5,2.67,3,3,2,3.67,6,2,3,2,2,2,4.67,6,4,4,3,5,5,4.33,40,3,3,,,i first want to see how they look like and how they feel when i am wearing them.,,,40.00,0.67,1,60.00,1,3,4,3,5,5,2,6,5,5,2,20,3,4,3,3,4,4,2,5,2,,2,1
176,2,2,1,5.67,6,5,6,4,6,6,5.00,7,6,2,2,5,2,3.00,3,4,2,5.00,7,6,2,6,1,1,2.67,2,2,4,5,3,2,3.33,70,4,2,,,,I not sure if I should believe the advertisement,,35.00,0.35,1,100.00,3,3,1,2,4,2,1,6,3,6,2,21,3,4,4,2,4,4,2,5,1,the shop where they are sold,2,1
177,2,2,1,5.00,4,5,6,1,2,3,3.00,2,3,4,3,3,4,4.00,3,4,5,4.67,4,5,5,2,3,3,3.33,3,3,4,4,5,4,4.33,80,3,3,,,"it depends on the look, it has to match with my outfits",,,45.00,1.13,1,40.00,5,5,3,2,4,4,1,7,2,4,2,22,12,4,2,3,4,5,4,5,1,how common the shoes are - never seen,2,1
178,2,2,1,5.33,6,4,6,5,4,5,5.33,4,6,6,6,2,5,5.00,5,5,5,4.67,6,5,3,4,3,4,4.67,4,5,5,5,3,1,3.00,70,3,3,,,i might like the design and \' unique\' materials,,,50.00,1.11,1,45.00,5,3,3,1,7,1,1,5,2,5,1,20,3,5,4,1,5,5,4,5,2,,2,1
179,2,2,1,6.00,6,5,7,6,6,5,5.33,6,4,6,6,2,6,6.00,6,6,6,5.00,7,5,3,4,4,4,4.33,5,4,4,2,3,2,2.33,100,3,3,,,they claim to be comfertable,,,40.00,1.33,1,30.00,2,2,2,2,2,5,5,6,4,4,2,20,3,5,4,1,1,4,4,5,2,,2,1
180,2,2,1,5.33,4,6,6,5,2,3,4.33,4,4,5,5,4,5,4.00,4,5,3,3.33,5,3,2,3,3,4,4.67,5,5,4,2,2,2,2.00,100,4,2,,,,"they are not fashionable, if they are, i might consider it.",,70.00,2.33,1,30.00,3,3,4,2,3,3,3,4,2,4,2,19,3,5,1,3,2,3,4,5,2,,2,1
181,2,2,1,5.00,4,5,6,5,5,3,3.00,3,3,3,5,2,3,4.00,3,6,3,5.00,7,5,3,4,4,4,3.33,3,3,4,3,2,1,2.00,80,4,2,,,,i\'m broke and like other shoes,,40.00,0.80,1,50.00,1,1,1,1,5,3,1,5,5,5,2,20,8,5,3,1,#NULL!,3,#NULL!,#NULL!,1,"there are two types of buying shoes, the ones you buy that are bad on every aspect but very cheap, and the ""good""pairs, which are expensive but have a brand, good quality and last long.",2,1
182,2,2,1,4.00,4,4,4,4,4,4,4.00,4,4,4,4,4,4,4.00,4,4,4,4.00,4,4,4,4,4,4,4.00,4,4,4,4,4,4,4.00,35,3,3,,,its organic and that\'s quite interresting,,,35.00,0.78,1,45.00,4,4,4,4,4,4,4,4,4,4,1,20,3,4,3,3,3,4,3,4,2,,2,1
183,2,2,1,5.33,5,5,6,6,4,5,3.00,3,2,4,5,3,4,3.67,3,5,3,5.33,5,6,5,2,2,2,4.00,4,4,4,3,3,3,3.00,80,4,2,,,,"i don\'t like them, the style.",,50.00,0.63,1,80.00,4,4,3,2,4,3,1,5,1,5,1,20,4,4,4,2,4,4,3,5,2,,2,1
184,2,2,1,2.67,2,3,3,6,4,5,5.00,4,5,6,3,3,3,2.67,3,4,1,3.67,5,5,1,1,1,1,4.33,5,4,4,4,3,3,3.33,500,4,2,,,,,,50.00,1.15,1,43.56,2,2,2,4,3,3,1,3,1,1,2,19,1,4,3,3,4,5,5,4,2,,2,1
185,2,2,1,1.00,1,1,1,1,1,1,1.00,1,1,1,1,1,1,1.00,1,1,1,5.00,6,5,4,3,4,5,4.00,2,7,3,4,6,#NULL!,#NULL!,150,1,5,they are for women,they are cheap,a present,blablabla,they are for men,15.00,0.33,1,45.00,1,1,1,2,4,2,4,5,6,3,1,#NULL!,45,1,1,1,1,5,1,5,2,,2,1
186,2,2,1,4.00,4,5,3,5,3,3,4.67,3,5,6,2,6,3,5.67,5,6,6,3.67,3,3,5,5,6,2,5.00,6,4,5,3,4,4,3.67,45,5,1,,,,,they are ugly,35.00,1.17,1,30.00,3,5,3,4,4,4,5,5,4,3,2,19,4,5,3,1,1,4,2,5,2,,2,1
187,2,2,1,6.67,7,6,7,7,5,6,5.67,7,6,4,4,4,4,4.00,4,4,4,6.33,7,7,5,4,4,4,6.00,6,6,6,4,4,4,4.00,80,3,3,,,"i\'m not sure if they\'re my style, and if they\'re very expensive, i won\'t be able to afford them.",,,50.00,1.00,1,50.00,1,1,3,4,7,4,4,7,1,1,2,20,6,1,1,1,3,3,3,5,1,"price-looks-quality-ratio. If shoes look very nice and are of good quality, i\'m willing to pay quite a lot of money. My most expensive shoes were 280 euros.",2,1
188,2,2,1,5.33,4,6,6,4,5,4,4.33,4,4,5,5,4,4,5.00,5,5,5,4.67,6,4,4,5,4,5,4.33,5,4,4,4,4,4,4.00,30,3,3,,,they might look good with my outfit,,,30.00,0.38,1,80.00,3,3,3,3,3,4,4,4,4,4,2,19,4,4,4,3,4,5,4,5,2,,2,1
189,2,2,1,4.00,4,4,4,4,4,4,4.00,4,4,4,4,4,4,4.00,4,4,4,4.00,4,4,4,4,4,4,4.00,4,4,4,4,4,4,4.00,500,5,1,,,,,enviornmental friendly,#NULL!,#NULL!,1,#NULL!,#NULL!,#NULL!,#NULL!,#NULL!,#NULL!,#NULL!,#NULL!,#NULL!,#NULL!,#NULL!,#NULL!,#NULL!,#NULL!,#NULL!,#NULL!,#NULL!,#NULL!,#NULL!,#NULL!,#NULL!,#NULL!,,#NULL!,1
190,2,2,1,3.67,3,5,3,4,5,5,2.67,3,3,2,4,5,3,4.67,5,4,5,3.67,5,3,3,4,4,4,4.00,4,4,4,3,3,3,3.00,150,4,2,,,,I don\'t believe,,80.00,1.33,1,60.00,5,5,5,4,5,4,3,5,5,5,2,20,3,4,4,2,4,5,4,5,2,,2,1
191,2,2,1,4.67,5,5,4,4,4,3,4.67,4,4,6,3,4,3,4.00,3,4,5,4.67,5,5,4,4,3,3,4.33,4,5,4,6,5,4,5.00,#NULL!,#NULL!,#NULL!,they are good for the environment,i can tell people i care about the environment,i like them,they are too expensive,its worldwide,80.00,0.80,1,100.00,4,4,4,5,2,2,3,#NULL!,6,4,1,19,1,4,4,3,5,5,3,5,2,,0,1
192,2,2,1,6.33,6,6,7,6,4,7,3.67,3,3,5,5,6,4,4.67,4,5,5,6.00,7,6,5,2,3,4,4.00,4,3,5,3,2,3,2.67,34,4,2,,,,,,20.00,1.00,1,20.00,3,3,3,3,6,3,3,7,3,5,2,20,3,5,4,3,3,3,1,5,2,,2,1
193,2,2,1,5.67,5,6,6,6,5,6,4.67,5,4,5,3,5,4,3.33,3,4,3,4.33,5,5,3,4,4,4,5.00,5,5,5,3,3,3,3.00,130,4,2,,,,they are not Fashion,,50.00,0.71,1,70.00,3,3,3,5,4,4,2,3,5,5,2,20,2,4,2,3,5,4,3,5,2,,2,1
194,2,2,1,3.67,3,7,1,5,4,5,5.67,5,6,6,4,7,1,2.00,1,3,2,1.33,1,2,1,3,4,4,4.33,6,3,4,1,4,1,2.00,125,4,2,,,,they look boring and I know nothing about the quality and how they feel to my feet,,85.00,1.00,1,85.00,1,4,2,1,5,1,1,3,1,5,1,19,2,4,4,3,3,5,2,4,1,that I am unique. I like to have exclusive shoes.,2,1
195,2,2,1,6.33,6,6,7,5,#NULL!,6,5.00,6,3,6,7,2,4,4.67,3,5,6,5.33,6,5,5,6,3,6,6.33,6,6,7,2,2,4,2.67,60,3,3,,,it\'s good for the environment but only when they are fashionable,,,70.00,1.17,1,60.00,5,6,3,4,6,3,5,6,3,6,2,19,4,4,3,4,4,5,3,5,2,,2,1
196,2,2,1,5.33,5,5,6,5,4,4,3.00,3,3,3,5,4,4,3.33,4,4,2,3.33,3,4,3,4,3,2,2.33,2,2,3,3,3,3,3.00,250,3,3,,,it sounds like a great product. But I miss figures.,,,100.00,1.00,1,100.00,1,1,1,1,1,1,1,1,1,2,2,20,15,4,4,4,3,5,5,5,2,,2,1
197,2,2,1,5.00,3,6,6,6,4,5,3.00,3,2,4,5,3,5,5.33,5,5,6,5.00,6,6,3,2,2,2,5.00,5,5,5,5,5,4,4.67,80,4,2,,,,I do not have much money to spend,,50.00,1.43,1,35.00,1,2,2,2,7,3,2,7,2,5,2,26,3,4,1,2,3,4,4,5,1,comfort,1,1
198,2,2,1,5.67,6,5,6,6,6,5,4.67,5,5,4,4,2,4,4.33,4,5,4,6.00,7,6,5,5,5,6,4.00,4,4,4,5,6,5,5.33,70,3,3,,,if theyfit well and are strong it can be a good alternative,,,40.00,1.00,1,40.00,4,4,3,3,4,3,2,2,1,4,2,20,2,4,3,3,4,5,4,5,2,,2,1
199,2,2,1,4.00,5,4,3,4,2,2,2.00,1,1,4,3,5,3,5.67,6,6,5,4.00,5,4,3,4,4,4,4.00,4,4,4,2,2,2,2.00,50,4,2,,,,"the appearance and image of the shoe does not appeal to me, it does not seem happy or positive",,50.00,1.00,1,50.00,1,1,1,1,3,1,1,6,4,1,2,24,4,4,4,2,2,5,4,5,2,,2,1
202,2,1,1,5.67,5,5,7,6,2,#NULL!,5.00,6,4,5,4,#NULL!,5,2.67,2,2,4,4.33,7,3,3,6,6,6,6.00,6,6,6,4,4,2,3.33,150,4,2,,,,I don\'t like the shoe,,60.00,1.00,1,60.00,1,2,1,1,5,5,5,6,5,2,2,20,6,5,1,4,4,4,2,5,2,,2,1
203,2,1,1,5.67,6,6,5,6,4,4,5.00,5,5,5,3,3,4,3.33,3,4,3,3.67,5,5,1,3,4,5,4.67,5,4,5,2,2,1,1.67,50,5,1,,,,,i don\'t like the way they look.,#NULL!,#NULL!,1,30.00,2,2,2,2,2,4,4,5,2,2,2,20,4,4,1,1,1,4,4,5,2,,2,1
206,2,1,1,4.67,6,4,4,5,5,6,3.00,3,3,3,6,7,1,1.67,1,2,2,3.67,3,4,4,6,4,4,3.33,3,3,4,4,3,1,2.67,#NULL!,3,3,,,"They MIGHT look good and fit well, otherwise i\'d just buy better fitting/looking shoes",,,#NULL!,#NULL!,1,80.00,1,1,1,1,1,2,1,3,3,3,1,21,41033,4,3,2,4,4,4,4,1,"their purpose (i.e. climbing, basketbal, fancy or just regular shoes)",2,1
207,2,1,1,5.33,5,5,6,7,7,4,2.33,1,1,5,5,4,5,3.00,3,5,1,4.67,5,6,3,6,3,3,3.00,2,2,5,5,5,3,4.33,80,4,2,,,,it is an hassle to buy them. Retailers that sell popular sneakers are more abundant and easier to reach.,,60.00,0.75,1,80.00,1,1,2,1,6,4,3,6,5,5,1,20,3,4,3,3,5,5,4,5,2,,2,1
208,2,1,1,5.67,6,6,5,6,4,6,4.33,5,4,4,5,3,5,4.00,5,5,2,4.33,6,4,3,6,6,6,4.67,5,4,5,3,2,2,2.33,120,4,2,,,,they are expensive and not fashionable,,75.00,0.75,1,100.00,1,1,3,5,5,4,6,6,3,3,1,19,2,4,4,3,4,4,3,5,2,,2,1
209,2,1,1,4.67,6,5,3,4,6,6,2.67,2,2,4,6,1,4,3.67,2,4,5,3.33,2,5,3,7,5,1,2.67,4,1,3,1,4,3,2.67,50,3,3,,,They might look nice and have as a bonus low environmental impact,,,30.00,0.50,1,60.00,1,1,1,7,5,5,5,4,1,2,1,20,2,4,3,3,4,5,3,4,2,,2,1
210,2,1,1,4.00,4,4,4,4,4,4,4.00,4,4,4,4,4,4,4.00,4,4,4,4.00,4,4,4,4,4,4,4.00,4,4,4,4,4,4,4.00,#NULL!,3,3,,,poep,,,34343.00,0.10,0,333344.00,4,4,4,4,4,4,4,4,4,4,2,#NULL!,16,3,3,3,3,3,3,3,1,shit,1,0
213,2,1,1,5.67,6,5,6,4,4,3,6.00,5,6,7,2,4,4,4.33,3,5,5,4.33,5,3,5,4,4,4,4.33,5,3,5,4,4,6,4.67,50,3,3,,,,,,25.00,0.50,1,50.00,4,4,4,4,4,4,4,4,4,4,2,21,2,4,3,2,2,4,3,4,2,,2,1
214,2,1,1,4.67,5,5,4,4,6,6,3.33,3,3,4,3,5,4,4.67,5,4,5,3.00,3,3,3,3,4,5,4.00,4,4,4,5,7,4,5.33,55,4,2,,,,Not my style,,40.00,0.80,1,50.00,1,2,2,5,5,5,5,6,6,6,1,23,1,4,4,3,5,5,4,5,1,my other clothes,2,1
215,2,1,1,4.67,5,5,4,4,5,4,5.00,6,5,4,4,4,4,4.00,4,4,4,4.00,4,4,4,4,4,4,4.00,4,4,4,4,4,4,4.00,90,5,1,,,,,,30.00,#NULL!,1,#NULL!,4,4,4,4,4,4,4,4,4,4,#NULL!,#NULL!,#NULL!,#NULL!,#NULL!,#NULL!,#NULL!,#NULL!,#NULL!,#NULL!,#NULL!,,#NULL!,1
216,2,1,1,6.00,6,6,6,6,5,4,3.67,4,3,4,6,4,4,3.00,3,3,3,5.00,6,5,4,3,4,4,3.33,3,3,4,4,4,3,3.67,50,3,3,,,it depends on how they look.,,,50.00,1.00,1,50.00,2,2,1,3,5,3,4,5,3,3,1,20,1,4,3,2,3,4,4,5,2,,2,1
217,2,1,1,5.00,5,5,5,6,4,4,1.67,3,1,1,5,1,4,4.00,4,4,4,2.67,4,2,2,5,1,2,2.67,2,2,4,4,5,#NULL!,#NULL!,50,5,1,,,,,I need special footware because I have problems with my ankles.,20.00,1.00,1,20.00,1,1,1,1,1,3,4,2,2,2,2,19,1,5,4,3,1,5,4,3,1,if it good for my ankles.,2,1
218,2,1,1,5.67,6,5,6,7,4,6,5.00,4,5,6,7,2,5,5.00,5,5,5,4.00,4,4,4,6,6,6,4.67,5,4,5,4,4,2,3.33,60,4,2,,,,"I don\'t believe they really help the environment, I don\'t have sore feet and I buy shoes when I think they\'re pretty",,30.00,0.75,1,40.00,5,5,5,6,5,3,5,7,1,1,2,20,3,4,3,2,4,4,2,5,2,,2,1
219,2,1,1,6.00,5,6,7,5,6,#NULL!,6.33,6,7,6,4,3,5,6.00,6,6,6,5.00,7,5,3,5,3,6,5.67,6,5,6,6,7,4,5.67,#NULL!,5,1,,,,,I only buy really cheap shoes,#NULL!,#NULL!,1,30.00,2,1,1,3,1,5,4,4,1,1,2,19,4,5,1,1,2,3,1,5,2,,2,1
220,2,1,1,5.33,6,5,5,6,6,5,4.00,5,4,3,4,3,5,4.67,4,5,5,3.33,5,3,2,6,6,6,5.00,5,5,5,2,2,2,2.00,60,4,2,,,,,,30.00,1.00,1,30.00,3,3,4,4,3,2,2,2,2,2,2,21,2,5,2,3,4,3,2,4,2,,2,1
221,2,1,1,6.00,6,6,6,5,4,5,4.00,4,4,4,5,4,5,4.67,5,5,4,4.00,5,4,3,4,4,4,4.00,4,4,4,3,3,1,2.33,60,5,1,,,,,they don\'t fit my style,40.00,1.33,1,30.00,4,4,3,2,4,3,2,4,2,2,1,20,2,5,2,2,4,4,4,5,2,,2,1
222,2,1,1,2.00,2,2,2,4,5,5,2.00,2,2,2,4,4,5,4.33,5,5,3,3.00,3,3,3,5,5,6,3.67,3,4,4,4,3,3,3.33,40,3,3,,,,,,30.00,0.75,1,40.00,2,1,1,5,2,6,6,5,4,4,2,23,1,4,1,4,3,5,5,4,2,,1,1
223,2,1,1,6.00,6,6,6,7,5,5,4.33,5,4,4,2,2,5,4.67,4,5,5,5.33,6,5,5,6,4,6,6.00,6,6,6,3,3,3,3.00,130,3,3,,,"they fit well, are made of natural materials but are not that easy on the eyes. So maybe..",,,#NULL!,#NULL!,1,80.00,3,3,5,3,5,3,5,6,5,3,2,24,2,5,4,3,4,5,4,5,1,originality,2,1
224,2,1,1,5.00,5,5,5,4,5,4,4.00,4,4,4,5,3,5,4.33,4,5,4,5.00,5,5,5,5,4,5,4.33,4,4,5,4,3,3,3.33,70,3,3,,,they are ergonomic,,,75.00,0.94,1,80.00,5,3,3,5,3,5,5,3,5,5,2,57,3,4,2,4,3,4,4,4,2,,1,1
225,2,1,1,6.33,6,6,7,6,6,7,4.67,4,6,4,4,2,4,5.67,6,4,7,5.67,7,6,4,6,4,6,4.67,4,4,6,6,4,6,5.33,120,2,4,,I\'m a vegan,,,,80.00,1.00,1,80.00,5,5,7,4,5,5,5,7,4,4,2,21,1,4,2,5,3,3,5,2,1,nothing comes from a animal,2,1
226,2,1,1,3.33,3,4,3,6,5,6,6.33,7,6,6,6,7,1,1.67,2,2,1,2.67,4,3,1,7,4,5,5.33,4,6,6,2,1,1,1.33,90,4,2,,,,they look ugly and fake,,40.00,0.80,1,50.00,1,1,1,5,2,5,7,6,5,2,2,19,3,4,3,4,3,5,4,5,2,,2,1